STR1_FREQSQ, STR1_FREQSQ_DIFF, STR1_TENS, STR2_FREQSQ, STR2_FREQSQ_DIFF, STR2_TENS,
524.410000,2.290000,0.540100,1413.760000,3.760000,0.540100
948.640000,3.080000,1.031100,2662.560000,5.160000,1.031100
1466.890000,3.830000,1.522100,3893.760000,6.240000,1.522100
1971.360000,4.440000,2.013100,5184.000000,7.200000,2.013100
2631.690000,5.130000,2.504100,6416.010000,8.010000,2.504100
